id,score
1,8.090354304929358
2,7.006517490617141
3,6.607258734932394
